,Unnamed: 0,well,sweep,protocol,Rseal,Cm,Rseries,gleak_before,E_leak_before,gleak_after,E_leak_after,R_leftover,QC.R_leftover,E_rev,E_rev_before,E_rev_after,QC.Erev,QC6,QC1,QC4,total before-drug flux,-120mV decay time constant 1,-120mV decay time constant 2,-120mV decay time constant 3,-120mV peak current,selected,passed QC,QC.Erev.spread,Erev_spread,pre-drug leak magnitude,post-drug leak magnitude
0,0,A03,0,staircaseramp1,3251069000.0,1.58413e-11,9491014.0,0.7345540279467161,-41.11296239757151,0.9292715112232074,-36.35961095388226,0.0448087589160295,True,-90.74636825355324,-89.57184330525791,-90.46261999707303,True,True,True,True,13417254.586416584,423.5588520365207,71.82414041774116,150.70295323575797,-1075.5094804921905,True,True,True,4.098624786642645,45.54131947767759,50.464018297285634
2,2,B01,0,staircaseramp1,5792134000.0,2.141635e-11,9156678.0,0.4121406698536839,-52.666589006099976,0.3555987292976133,-47.0737820341132,0.0155443598770411,True,-92.9684075056549,-92.82556490304472,-88.44631859934745,True,True,True,True,42667470.68101251,5000.0,135.45628829994453,168.84818143148198,-1808.001796716464,True,True,True,1.546824642663026,36.39405274367184,32.61561878598093
4,4,B03,0,staircaseramp1,4564453000.0,1.444363e-11,16859410.0,0.3623590420531434,-40.259178021604434,0.3972269901283048,-43.52307125223516,0.0427911356898462,True,-94.99129229421752,-94.60215222107718,-74.01825307902278,True,True,True,True,9409021.930318728,346.18119431442466,81.60990540348358,124.85267909637236,-642.852534439676,True,True,True,1.6893850059682762,31.882722101081484,33.840141044100534
6,6,B14,0,staircaseramp1,397472500.0,1.317114e-11,13363160.0,3.721734670398008,-28.92275480738645,2.5738432616781304,-36.29077742551236,0.2131101981976129,True,-98.16815805535384,-93.22461625549695,-85.96973428909115,True,True,True,True,6155591.230641309,119.6766208201542,53.557953621209016,81.1284981730466,-511.5468060384601,True,False,True,4.395328892104303,100.26466238854054,83.9716248056231
8,8,D04,0,staircaseramp1,318530800.0,1.544806e-11,12342810.0,4.058649086618782,-18.63783808060639,3.830978683754432,-20.92253873784857,0.2427275974449604,True,-96.0277998602575,-94.840219391027,-84.38672935331773,True,True,True,True,8164696.047542539,1516.7778520958109,132.1549731316572,170.82023596642804,-719.0759294056961,True,False,True,1.3671048980242233,107.15558291576173,103.24396471626844
10,10,D20,0,staircaseramp1,274045900.0,1.60151e-11,15792530.0,4.911431603043381,-22.780999923619493,3.4698906505352074,-28.699466905886865,0.1252280074718338,True,-94.43282016093193,-91.21500875776265,-95.83905907885844,True,True,True,True,13484146.866468586,284.3753083299416,74.5734517563272,149.34670093987882,-834.7379976031661,True,False,True,0.725681200908582,116.2618574109692,96.82238213375095
12,12,D22,0,staircaseramp1,1614080000.0,1.537003e-11,14930280.0,1.2426705012826054,-47.39140563367231,0.8197421998159931,-53.12033527690043,0.0264134568378509,True,-93.56861698809074,-93.1046101343077,-96.62163703935522,True,True,True,True,23658309.287144545,5000.0,110.4481209415675,152.2130398716035,-1082.227894935127,True,True,True,2.471111223805565,61.08248278695826,51.49268931760216
14,14,E08,0,staircaseramp1,963878400.0,1.80515e-11,8314192.0,1.5337603412731615,-26.64020299451753,1.5835698898367827,-27.2937410745205,0.0673708857437787,True,-95.5892367973073,-93.96884224749238,-85.31675999313457,True,True,True,True,12039887.14535294,309.42241880790027,70.77381643640297,126.72724546853192,-938.7199938401078,True,True,True,2.117651269489329,64.4861719286513,65.47699222550817
16,16,E12,0,staircaseramp1,428718400.0,2.103444e-11,15924340.0,3.09815832796026,-20.2196708896948,2.969858467697468,-29.753698034760788,0.1031703138509313,True,-95.75444747698116,-93.38230858359448,-91.393228731651,True,True,True,True,11390984.944836576,410.5622042328413,83.07677063223097,128.00660960240262,-747.9614580267153,True,False,True,0.2961140008859075,93.06654241413098,89.54774161435705
18,18,F11,0,staircaseramp1,241177200.0,1.295988e-11,12767080.0,5.379152242976467,-19.33536542374597,5.023436023225454,-22.636073190915628,0.2711149577230898,True,-96.38564796839994,-92.17465888567403,-76.72865181183208,True,True,True,True,7894610.343298795,393.85085357759135,84.28875226793332,105.38270963891247,-642.9696922070128,True,True,True,1.2139499315516105,123.02644379865792,117.6251895980846
20,20,G03,0,staircaseramp1,169714300.0,2.691166e-11,17773400.0,7.584737380471128,-18.475946658452028,7.993232628274717,-26.321161735816556,0.2913947770716,True,-97.17833507517184,-89.07137698155685,,True,True,True,True,12659822.685505316,992.2643934513128,60.570829229028405,164.95996634981634,-634.4419512603979,True,False,True,4.686539716775897,146.58128432545934,147.2749378391771
22,22,I22,0,staircaseramp1,6330598000.0,4.627115e-11,10280310.0,0.6123841686670936,-71.65506064841458,0.4090173191602723,-36.53512515623096,0.1963091695646162,True,-96.0402566271012,-95.60013507802178,-89.56646807281847,True,True,True,True,6760823.213469446,220.42454766386453,39.4866356304746,93.90862318787862,-677.6814219776527,True,True,True,1.555895992706667,52.11537219375876,33.49350707924344
24,24,J04,0,staircaseramp1,3129911000.0,1.772512e-11,9893627.0,0.6558530564681401,-44.241862567875565,0.6107038527254819,-65.19793899614355,0.0821336831351762,True,-96.02981814238058,-95.42722896709463,-89.1106136688526,True,True,True,True,8699745.71242547,294.5270326799047,53.25260557459505,126.68110894456083,-715.6227131615055,True,True,True,2.023900619510627,43.63290448526049,49.04587950846635
26,26,J22,0,staircaseramp1,685599500.0,4.579044e-11,16927300.0,2.206522456914058,-31.595452177250785,0.7254855461423231,-28.359897491765462,0.0166768558104337,True,-94.91364296605596,-94.52704126853008,-74.92263942324995,True,True,True,True,22350984.209704667,5000.0,130.89404348042413,156.12629559524072,-985.882425108834,True,False,True,1.690094724904938,77.22193512986318,44.2804977890339
28,28,K04,0,staircaseramp1,784670900.0,1.167841e-11,10576770.0,1.7862575488815453,-24.432371498158343,1.1148590256224122,-41.33542139621712,0.1828277403527005,True,-91.96329680985916,-89.1962430518334,-90.70333383378905,True,True,True,True,4215241.304101713,348.8541658961705,63.80949783279003,120.3702153827592,-439.3159805888535,True,False,True,2.00758931045253,69.84458936544846,56.154871452602386
30,30,K15,0,staircaseramp1,2066922000.0,1.753523e-11,17438570.0,0.896433988955962,-42.37148048812704,0.7988848526171127,-37.05238832347128,0.0719577741460923,True,-94.65852445543452,-93.38419690548815,-73.1190573073504,True,True,True,True,8909591.351397745,5000.0,101.8559664156294,105.73851113933397,-601.4969769980858,True,False,True,2.019269702779823,50.572464406295076,46.86920720202212
32,32,K21,0,staircaseramp1,234379400.0,2.026092e-11,17282060.0,5.463630900090041,-19.11797967498508,4.398510322251204,-20.276242398505328,0.122816924914,True,-94.3641011981467,-90.07176227894922,,True,True,True,True,33937968.56661822,357.37996106728104,247.4363726545965,247.4363859978856,-908.2558898736388,True,False,True,3.806122466210255,124.09189206307241,110.86867660072842
34,34,L14,0,staircaseramp1,885927600.0,1.315217e-11,12315860.0,1.610216973465593,-28.97850306318227,1.6129767145451086,-27.462830432788135,0.1189605668311871,True,-95.16440501282509,-91.92280280465204,,True,True,True,True,7081205.837283613,423.457855315412,66.96758347433315,119.6313505161716,-640.9048260815429,True,True,True,2.0859529326942408,65.948965260316,66.07132684017176
36,36,L19,0,staircaseramp1,4683231000.0,1.027849e-11,8696348.0,0.5827732897928429,-51.98306473547697,0.5056432293364369,-50.7992306537501,0.0908371890892541,True,-95.6491656791352,-93.62345860954566,-72.03984031356696,True,True,True,True,4009289.320647128,306.3991493927367,54.14064403577586,105.91934800209302,-476.3811327406696,True,True,True,1.839870841340698,43.0710583497734,39.799271642020486
38,38,M22,0,staircaseramp1,329055500.0,1.682787e-11,11126720.0,3.9513323939042575,-20.08042347950173,3.32139377921394,-29.7657431502846,0.0873939842561527,True,-93.73131270454104,-91.28430214039096,-89.26203992268074,True,True,True,True,13987998.040474627,312.5588034055435,63.90673979932662,113.48915081666657,-960.6523149647776,True,False,True,2.019447771251336,105.1541756750604,94.69923690075271
40,40,M23,0,staircaseramp1,1202663000.0,3.288212e-11,11828720.0,1.500972388797901,-40.09324187073828,1.0696336874742178,-43.28546388167092,0.0305446128639412,True,-95.71438494281948,-95.2008135166492,-78.34002975817432,True,True,True,True,15018148.377891928,1337.3472936703856,119.43981278385272,179.09045815158697,-981.3525311866052,True,True,True,3.369986577158869,64.85009489296807,55.46895618099138
42,42,N05,0,staircaseramp1,3858466000.0,2.062394e-11,11208310.0,0.9229695266407622,-68.19235500267223,0.5595902853286652,-58.73589823416451,0.0226426511573564,True,-93.91540044219464,-93.381180354275,-71.57158092663916,True,True,True,True,19763682.483620677,393.0674361402565,81.61052175433089,143.09819959708895,-1069.181581965903,True,True,True,2.1527559144682726,61.954118038451945,44.41819989871551
44,44,N22,0,staircaseramp1,190300500.0,1.650494e-11,18889720.0,6.368368558151635,-15.15751394005395,4.639545060657372,-27.320756718369484,0.2176690659063809,True,-93.96828436338338,-70.7945497909328,-117.82530464132424,True,True,True,True,11309271.950559704,5000.0,52.703551925372864,58.35913579721701,-605.3172609514492,True,False,True,1.5088625359572632,136.37280825444003,112.07174450695402
46,46,P02,0,staircaseramp1,1277029000.0,9.633841e-12,6343004.0,1.3311363009502422,-40.06787862845798,1.4642372331656155,-34.346245054431854,0.0859484143362032,True,-94.55569576522518,-93.16133191327933,-80.74639095820649,True,True,True,True,4259264.16949829,843.036222964527,60.26785163286908,131.70480677621376,-561.935862926877,True,False,True,3.0244735117433947,61.06549672286375,63.095956649346945
48,48,P04,0,staircaseramp1,13260940000.0,1.564638e-11,8616617.0,0.3762274278851229,-63.52072076919163,0.3317784726225798,-55.77409880317804,0.0703279416190005,True,-94.33967300115287,-94.1471937226182,-87.34730154741592,True,True,True,True,11671353.738930471,1107.2127887994216,97.6874035833677,159.10819007490616,-977.9877659095334,True,True,True,2.136962689558601,37.92832399567563,33.409634817924584
50,50,P23,0,staircaseramp1,1290767000.0,2.169346e-11,8812139.0,1.412004176282564,-38.45986876856942,1.3283508499454617,-16.82619816884597,0.0783474748094,True,-94.77892947025192,-94.57731228334274,-75.1698912217771,True,True,True,True,9578235.68356808,723.7697490955153,129.8478382858986,171.11685456736652,-944.2971156054856,True,True,True,0.9488268528058228,62.557713663670874,61.78253255696802
1,1,A03,1,staircaseramp1,2147978000.0,1.562104e-11,10209700.0,0.9845611824103958,-51.21174064515182,0.861911246447718,-30.60948333569417,0.0380607644518367,True,-89.76593328516874,-88.78531328677197,-89.32779687598776,True,True,True,True,12183648.28399348,440.9616039464997,73.5634737690446,143.9558795562062,-1152.424836140228,True,True,True,4.098624786642645,55.68937622118305,48.24396894457187
3,3,B01,1,staircaseramp1,314947300000.0,2.127527e-11,9523752.0,1.0755421668329224,-77.57223425293563,0.331211286878785,-46.91592580634197,0.0157204676113442,True,-91.94148737743608,-91.74338827053948,-87.9802843030974,True,True,True,True,40790321.44601996,5000.0,143.18584375822323,172.74898535061254,-1901.1229795698407,True,True,True,1.546824642663026,73.06190607891031,31.449103368681335
5,5,B03,1,staircaseramp1,7178286000.0,1.440328e-11,17026380.0,0.5417005947715315,-59.588553780930894,0.420560872705437,-44.54497717101522,0.0438124268911165,True,-94.65894645651868,-94.2459414812486,-74.62287525128357,True,True,True,True,8623641.991237093,587.1945306105919,88.19455392088875,125.9736420033134,-678.4837779672127,True,True,True,1.6893850059682762,44.00955583606647,34.992666146971736
7,7,B14,1,staircaseramp1,435010000.0,1.289735e-11,13640630.0,3.415263821531387,-28.13018617330034,2.5757336860173563,-34.625228253726114,0.1960241509476475,True,-97.68929936590858,-93.00712067463662,-82.52714885859011,True,True,True,True,6110387.158736208,140.39971309903277,47.10666263546765,87.03366993536962,-530.0446281897842,True,False,True,4.395328892104303,96.08929584663906,83.72325211090421
9,9,D04,1,staircaseramp1,322444100.0,1.520287e-11,12164160.0,4.591881331124325,-24.980332476782223,3.817283353349411,-20.98305170286361,0.2395903594681961,True,-96.33642706159524,-95.00539369846416,-81.69853856789018,True,True,True,True,7035466.485404959,329.4705318054736,112.34153830055796,154.50498097473084,-743.3280533349936,True,False,True,1.3671048980242233,111.86501469553866,103.0389763065651
11,11,D20,1,staircaseramp1,275544400.0,1.58859e-11,15711920.0,5.016998989837008,-25.12065120245928,3.30391439182778,-25.13891387517952,0.1410954070984706,True,-93.84255976807108,-90.82881585149993,-94.3905970827606,True,True,True,True,12246608.51340884,345.4006605776648,79.2070214110503,153.94001167141616,-877.2497734036476,True,False,True,0.725681200908582,116.89885460820359,94.8611663330482
13,13,D22,1,staircaseramp1,3518964000.0,1.500797e-11,15656460.0,0.8261931714465629,-55.70314779830081,0.9030663556866526,-56.90469429256228,0.0371709974552835,True,-92.09810375141856,-91.91054171798272,-94.73744102830833,True,True,True,True,24405314.546459757,5000.0,136.4094044013373,165.3786584117281,-1164.3492157485791,True,True,True,2.471111223805565,52.69295564246907,55.605531181310596
15,15,E08,1,staircaseramp1,1041148000.0,1.788503e-11,8543815.0,2.1107748630580536,-46.93848350840116,1.899612627310728,-34.414682577821594,0.0473650962512865,True,-94.47008593134852,-92.99588471595196,-86.90625698284614,True,True,True,True,10869548.30159155,306.52024234732323,69.53196596685233,135.61188068975855,-1019.6380259411958,True,True,True,2.117651269489329,79.40213624116498,71.87472745248223
17,17,E12,1,staircaseramp1,415634800.0,2.103473e-11,15963690.0,3.3304862996378413,-24.853358197772707,2.809670706793551,-26.59026969642092,0.1141423067975447,True,-95.70878371747396,-93.18690930288588,-89.35838803490594,True,True,True,True,10543709.403058812,506.2105339794556,84.36916932787868,133.75071163213735,-799.6225163623174,True,False,True,0.2961140008859075,95.29181848310805,87.28560518540354
19,19,F11,1,staircaseramp1,233879000.0,1.285942e-11,12391250.0,5.646966058563479,-20.1759885474694,5.126389906092156,-23.033209666804822,0.2347042233957885,True,-95.2549911092833,-91.35572226880042,-95.75297036872304,True,True,True,True,8168555.247917427,582.5908996398043,83.98333644018962,114.51639770811946,-693.8221333150586,True,True,True,1.2139499315516105,125.6654440749303,118.70159251602578
21,21,G03,1,staircaseramp1,166572700.0,2.684077e-11,18291790.0,7.93277598214927,-20.3924232406912,7.933391749736238,-25.011773180167328,0.3026179758819849,True,-96.30283576726536,-88.35740562023535,,True,True,True,True,11626157.582467454,767.7110640390138,66.82675961247104,126.07711234312254,-676.236278580242,True,False,True,4.686539716775897,148.83122741083253,147.02911142068743
23,23,I22,1,staircaseramp1,5611533000.0,4.617039e-11,10291880.0,0.3373581813922751,-34.85056779091396,0.6528812844616092,-42.41217884910218,0.1850057695103213,True,-95.64618102769174,-95.33848237822625,-88.9235102954531,True,True,True,True,8720619.501934744,398.2430173940346,48.61854190346712,100.74008044898068,-734.732494324214,True,True,True,1.555895992706667,30.311787405465395,43.166697632329516
25,25,J04,1,staircaseramp1,4063836000.0,1.777413e-11,9943500.0,0.7940475442828974,-58.81570042829826,0.5747874479606527,-58.97572348863167,0.0611845899826609,True,-94.7903881147178,-94.1634133576622,-74.63924003874429,True,True,True,True,7687427.689677075,329.90197102509944,57.87571727484261,127.52219892256836,-781.883626932968,True,True,True,2.023900619510627,52.94583508731986,45.105580249080305
27,27,J22,1,staircaseramp1,803180800.0,4.491185e-11,17027580.0,2.118293258540392,-35.356493488901364,0.7551883929209274,-31.59714391834476,0.0157082826921757,True,-95.30727525152165,-94.88593705316968,-75.9397270332692,True,True,True,True,22589238.285499,5000.0,145.59831314555166,152.9477557509694,-1011.4029775636378,True,False,True,1.690094724904938,76.02742870758938,45.17670912447605
29,29,K04,1,staircaseramp1,800120100.0,1.168071e-11,10750390.0,1.7717143981187955,-23.69949071152101,1.115729612500073,-41.23581719167209,0.1861115925869914,True,-91.61537460778597,-89.05837818183024,-91.6066823930218,True,True,True,True,4459085.208543377,370.6037373300104,60.65028108173428,113.35002212707958,-493.55404295996607,True,False,True,2.00758931045253,69.67036377825676,56.154462540662266
31,31,K15,1,staircaseramp1,2227744000.0,1.782271e-11,17100680.0,1.107298084991155,-52.93115446027925,0.7309554799098944,-36.101531315729375,0.0596695216938841,True,-93.69308115615378,-92.86401334535272,-71.06448693643114,True,True,True,True,8357724.252955614,5000.0,101.6082675572024,116.52626582987432,-642.6994306558689,True,False,True,2.019269702779823,59.765910585625065,44.730216930240914
33,33,K21,1,staircaseramp1,239253500.0,1.995085e-11,16911910.0,5.911933835846668,-25.074749041531454,4.43514574904465,-18.84353027719609,0.1146868888005215,True,-92.62503037440494,-88.64037536361148,,True,True,True,True,33426243.318726085,2244.443743077224,273.8115920481613,273.81160134758056,-990.7605658355664,True,False,True,3.806122466210255,126.90797304053272,111.92373294032649
35,35,L14,1,staircaseramp1,842386600.0,1.311164e-11,12457360.0,1.7601366492042745,-31.52027812158818,1.6300344672177849,-26.66773128897595,0.1115059112670751,True,-94.45626769408224,-91.38802332828746,,True,True,True,True,6906225.191793109,500.2419836672488,68.71089007286511,124.39714316643524,-691.7367290682148,True,True,True,2.0859529326942408,68.96692729764965,66.47701097579026
37,37,L19,1,staircaseramp1,5205740000.0,1.022436e-11,8626349.0,0.5658174579393778,-54.3810646619396,0.4675033886897905,-46.99928204577467,0.0867426349845597,True,-94.15669909442614,-92.66185609961828,-89.17639430943956,True,True,True,True,3877221.4976819726,228.28436430751955,48.90713726527575,101.68749272894811,-506.627999230712,True,True,True,1.839870841340698,43.17464047978586,37.381228137524204
39,39,M22,1,staircaseramp1,333763200.0,1.678131e-11,11277810.0,4.108416684369033,-23.029920690894357,3.334123608206593,-28.98412061448204,0.081440225842701,True,-92.80292788214577,-90.66017329321564,-93.2514726138641,True,True,True,True,13528925.431770835,395.66132963854506,66.09334929385012,122.06253626614654,-1013.1847936478796,True,False,True,2.019447771251336,106.26532910625995,94.8977059477722
41,41,M23,1,staircaseramp1,3620084000.0,3.28206e-11,12325420.0,1.4403254209735563,-61.37296878215805,1.3404904841899594,-44.32544306071035,0.0478238237362357,True,-93.56285319325733,-93.51160654229598,-96.1122984586736,True,True,True,True,14201011.987368438,1274.38001523497,128.57002193135,174.4964827312288,-1017.1724287074125,True,True,True,3.369986577158869,72.84598754636184,62.40526829491698
43,43,N05,1,staircaseramp1,5525391000.0,2.049877e-11,11192810.0,1.2865918947608357,-71.56134087537829,0.655637815986635,-62.35818359560201,0.0338210259196262,True,-93.15699771604248,-92.71446021687026,-100.21476739858409,True,True,True,True,18927806.96273546,565.3672976192921,91.30292944370773,147.12454481718132,-1139.1424471758523,True,True,True,2.1527559144682726,75.47308303981528,49.56519968253755
45,45,N22,1,staircaseramp1,186428300.0,1.605979e-11,18629500.0,6.255236754506992,-13.241513189004548,4.399443145323025,-26.523709667477878,0.2120547405334892,True,-93.26096156577168,-82.7065561846337,-118.93517587158948,True,True,True,True,11565260.8396681,5000.0,54.24303481717145,60.64799020427812,-634.0279761911597,True,False,True,1.5088625359572632,136.55000170102136,109.23214718526575
47,47,P02,1,staircaseramp1,1548604000.0,9.629062e-12,6518040.0,1.1729726669942144,-31.162243618108818,1.5279484656654168,-36.35060933947638,0.1008375707880142,True,-93.61261076570982,-92.80344612926709,-95.91659556712705,True,True,True,True,5413320.472509508,635.1632004881087,57.5741139322424,149.20535286274406,-626.9196447960188,True,False,True,3.0244735117433947,56.29041360977839,64.70767639214127
49,49,P04,1,staircaseramp1,11664710000.0,1.592752e-11,9126875.0,0.8385719415866044,-78.66860045345452,0.4563880847602346,-61.30392019032095,0.0905932994498841,True,-93.39723576121789,-93.33535775645714,-90.05984597301332,True,True,True,True,10595564.69622454,787.401596624344,96.77316647836766,157.34074671274124,-1033.5235571223482,True,True,True,2.136962689558601,65.19519260922058,40.981443093764476
51,51,P23,1,staircaseramp1,1107020000.0,2.158701e-11,9932156.0,1.738357794530888,-39.12527671873198,1.5216273626584194,-28.41072601090264,0.0353324956370221,True,-94.63953795534802,-94.30183511943768,-75.62461221955188,True,True,True,True,10210959.771022212,423.5447830723977,128.9991136943532,170.3910303145678,-951.3501288310022,True,True,True,0.9488268528058228,69.55803528357991,64.1267276033316
52,52,A03,0,staircaseramp1_2,1926283000.0,1.544289e-11,14282480.0,1.1250840677620342,-46.81841555131943,0.5471111435993272,4.754107315054811,0.0600605707334025,True,-86.6477434669106,-86.22510795506395,-89.72640336003438,True,True,True,True,10316908.244699528,1191.6366433328076,109.20554617484456,141.95139511565844,-1130.521284568172,True,True,True,4.098624786642645,57.93071078152857,46.23880594003576
54,54,B01,0,staircaseramp1_2,14397590000.0,2.1378e-11,11304990.0,1.0032357804438936,-77.1846781249073,0.3563006871822705,-47.43641806261087,0.0131054583876594,True,-91.42158286299188,-91.21556694549348,-87.76643806065687,True,True,True,True,43681574.323707975,483.0577723093536,188.3802205138379,188.38022252246785,-1687.919393904457,True,True,True,1.546824642663026,70.30173951353584,32.71601261104073
56,56,B03,0,staircaseramp1_2,5687536000.0,1.415184e-11,14345420.0,0.6931793969715176,-64.5442589625406,0.5958401340637046,-40.86870006368415,0.0540110416454947,True,-93.30190728824924,-93.0087977844335,-76.46669153274192,True,True,True,True,8044697.579929725,381.37711158037655,80.54444356114907,112.06791366821793,-762.7517896970717,True,True,True,1.6893850059682762,51.94958503754821,40.977483418415204
58,58,B14,0,staircaseramp1_2,664270500.0,1.271628e-11,15080050.0,2.7420082496322764,-38.76462378014881,2.699827244287317,-32.842735392531395,0.2016850863412477,True,-93.77282916324954,-90.16413620754876,-88.95723121039342,True,True,True,True,4317634.136749787,157.54865943922366,61.3418677822828,124.29640758669812,-528.4850585468284,True,False,True,4.395328892104303,87.25857889751184,85.50643983755927
60,60,D04,0,staircaseramp1_2,356577700.0,1.536431e-11,16851550.0,3.925573873593144,-24.47462079902961,3.6607089169281934,-22.512699325120582,0.2207250710296587,True,-94.96932216357102,-93.3049536541549,-88.44772121799242,True,True,True,True,6623706.304952214,5000.0,168.05445573923342,180.75534987876097,-634.3726478548016,True,False,True,1.3671048980242233,103.53210373630866,100.44467240558708
62,62,D20,0,staircaseramp1_2,387329500.0,1.463184e-11,14977970.0,3.773564810032196,-28.0621600968588,2.899982931673513,-22.28968960928312,0.1616643718283085,True,-94.56824096897968,-92.02110958762384,,True,True,True,True,10128052.543713097,292.20599350547434,109.21647193234732,154.8166332693734,-804.7963415356893,True,False,True,0.725681200908582,101.00888855097544,89.45588114348297
64,64,D22,0,staircaseramp1_2,4083595000.0,1.482837e-11,16083330.0,0.9215630437049902,-58.8743839882697,0.7447058659672833,-50.23524241450703,0.0244251970319606,True,-91.09750576428516,-90.91631082715438,-89.36704281586061,True,True,True,True,23872431.85008884,5000.0,146.26640794477166,172.81706610275688,-1165.662395154804,True,True,True,2.471111223805565,57.06623363388166,48.12106453531575
66,66,E08,0,staircaseramp1_2,1025887000.0,1.747961e-11,9511277.0,2.207527660267384,-47.412742868514414,2.515835121155343,-34.33678018403718,0.0603970229577126,True,-93.47158552781796,-92.61023429428936,-90.08846891700034,True,True,True,True,11752228.642523823,180.86389775154387,71.12527453177547,120.9288156150726,-1039.5274103454008,True,True,True,2.117651269489329,81.42269369022688,82.70472661609651
68,68,E12,0,staircaseramp1_2,457689100.0,2.033464e-11,19802150.0,3.23867113859515,-29.15932204719385,2.8779384364723017,-25.07349655815008,0.1011733722914747,True,-95.45833347609526,-93.00409989842537,-89.04008400804408,True,True,True,True,9786585.63780868,1547.934353819444,143.06823825882896,184.7055271014568,-736.2322478774262,True,False,True,0.2961140008859075,93.5237989539029,88.54537028878127
70,70,F11,0,staircaseramp1_2,235101100.0,1.167452e-11,10905270.0,5.48667680550214,-20.245639529863404,4.88319525379314,-17.627889309263733,0.278453576276462,True,-95.17169803684833,-91.78767964704586,-70.54022369701795,True,True,True,True,6813723.075993204,455.3630308841138,96.77920417085132,128.9538231582131,-762.231568736954,True,True,True,1.2139499315516105,123.83889219693003,118.03428993264232
72,72,G03,0,staircaseramp1_2,160105400.0,2.717598e-11,18945800.0,7.971617863200148,-20.594978415289823,7.363480057306722,-23.003706316760294,0.2914103216770748,True,-92.80299595137863,-86.76273906164187,,True,True,True,True,11786304.596103773,103.24568418736514,1e-12,103.24568389031396,-677.5047131433856,True,False,True,4.686539716775897,149.09223035741957,142.27376672891248
74,74,I22,0,staircaseramp1_2,3013850000.0,4.515711e-11,12074050.0,0.5934261085319961,-42.183587026610624,0.3002989244641285,-8.676990754650049,0.1846758664346354,True,-94.48436063439456,-94.21197400236696,-70.50088489060548,True,True,True,True,7691053.512684296,659.8511709245014,59.83653226563712,99.09673802330076,-733.4214974853138,True,True,True,1.555895992706667,41.113726924833216,30.77895750734
76,76,J04,0,staircaseramp1_2,2374720000.0,1.765301e-11,11077710.0,1.0532622805620042,-52.93099334417587,0.6448038310140726,-62.84429575428129,0.0762019146387442,True,-94.50317390311304,-94.04827047490214,-86.25203080648438,True,True,True,True,7969582.026356654,271.8002526428269,66.39949412508746,124.10872893119634,-823.4791246063495,True,True,True,2.023900619510627,58.28932614579008,49.36143266155999
78,78,J22,0,staircaseramp1_2,2674712000.0,4.278386e-11,15518650.0,0.8090926588623932,-45.27886038481362,1.157237522177983,-38.58091417706917,0.0224944187876457,True,-93.89069505174672,-93.6983881311329,-95.68173919909682,True,True,True,True,31261912.154460818,5000.0,125.34407277974496,141.2907904062646,-1151.4081022817418,True,False,True,1.690094724904938,48.717837199975854,56.654665519113706
80,80,K04,0,staircaseramp1_2,1567877000.0,1.112229e-11,13109620.0,1.241989964871266,-41.37758508284568,1.0579761462623123,-42.271290652944,0.1933284951582357,True,-90.15964694970504,-88.01285854102353,-87.87917108679676,True,True,True,True,3606185.7547158888,120.5797199261876,45.13507438445929,91.29466504205504,-532.2980616274806,True,False,True,2.00758931045253,59.280248088792625,54.91675957757434
82,82,K15,0,staircaseramp1_2,2534787000.0,1.721793e-11,14106200.0,0.7494673015967325,-43.33083216273318,1.354588527484885,-37.505880750148194,0.0543608687425784,True,-92.6392547526547,-92.20163727664718,-74.05809299663713,True,True,True,True,12449269.616948895,171.4489012336564,59.20580035060703,113.24001545748172,-803.6046329475327,True,False,True,2.019269702779823,46.440826462419494,61.104043775158665
84,84,K21,0,staircaseramp1_2,252184800.0,2.170667e-11,18585090.0,5.733315547706824,-27.53180812250686,3.2826777934606484,-15.053905688983452,0.1065727915794668,True,-91.2922981370806,-85.82660477360493,-95.41786416239192,True,True,True,True,40621587.17926186,828.0984156792914,341.3657771171214,341.36578675473305,-1339.9444804564446,True,False,True,3.806122466210255,124.5587378375568,97.96189787110607
86,86,L14,0,staircaseramp1_2,797334800.0,1.273937e-11,13381960.0,1.6924131727388605,-26.358230333252067,1.413114401718739,-22.411497649321618,0.1160578749582351,True,-93.07845208013084,-90.578150960862,-91.34027203134754,True,True,True,True,7114132.343658867,430.4574277030803,72.20466930864023,122.97337253319708,-735.1323623435668,True,True,True,2.0859529326942408,67.7640108975396,62.424222841661816
88,88,L19,0,staircaseramp1_2,4930681000.0,9.816984e-12,9287212.0,0.5441719517028081,-54.3748480887999,0.5910064075269138,-47.783574261621816,0.0881572954940103,True,-93.80929483779452,-92.2205340575185,-92.9686187127754,True,True,True,True,3983232.037986845,543.1604202823082,60.46873742706341,92.50668913934098,-527.70526194127,True,True,True,1.839870841340698,42.33881083762121,42.22115980439056
90,90,M22,0,staircaseramp1_2,384023500.0,1.632186e-11,11847090.0,3.574684455483448,-23.51100658616009,2.5985938581044725,-13.932027210316466,0.1547364930574378,True,-91.7118649332897,-90.30889799550584,-90.22817433627554,True,True,True,True,11133224.408038748,348.28035928700683,83.05595118969767,133.81398971813493,-986.4622929590264,True,False,True,2.019447771251336,99.00589575960872,87.67615256386229
92,92,M23,0,staircaseramp1_2,2350353000.0,3.326512e-11,13766610.0,1.5861524284269202,-58.52298675328877,1.303686869706848,-40.99225232221952,0.0354780753495516,True,-92.55361585391128,-92.44493042955662,-85.79265842898793,True,True,True,True,16540017.254787575,4146.221034870541,170.5251740951521,186.26728848514,-1015.1575319233305,True,True,True,3.369986577158869,74.6528161092415,60.64221735467251
94,94,N05,0,staircaseramp1_2,8233916000.0,2.043561e-11,10981230.0,1.284961009552101,-76.44393294494628,0.876946803157408,-62.667627057636125,0.0529867859475366,True,-91.76264452772638,-91.37264782294923,-74.11074105212248,True,True,True,True,20079437.12209957,5000.0,129.83334382413898,155.8646540121061,-1261.1944743650286,True,True,True,2.1527559144682726,79.0006684647648,57.47704821352723
96,96,N22,0,staircaseramp1_2,225869900.0,1.48564e-11,16432550.0,5.660434868503508,-21.13824159912568,2.945795183830779,-23.46957221071821,0.2530381097797205,True,-92.47740308370072,-86.2567131921746,-113.0201424143908,True,True,True,True,7587843.12375851,190.75370421679068,59.59473365277448,105.4243194143044,-650.293737057934,True,False,True,1.5088625359572632,125.41009691481122,89.88478632495078
98,98,P02,0,staircaseramp1_2,1279623000.0,9.264713e-12,6377656.0,1.1845912125205076,-24.808144650396663,1.2150899018993586,-23.20458378981835,0.1135663342148303,True,-93.35288367435538,-91.1182728228078,-87.88405040187276,True,True,True,True,4925911.851939097,502.1194379703474,47.61586102694144,96.46462126681972,-679.597289060379,True,False,True,3.0244735117433947,56.83596888174573,57.765498089907474
100,100,P04,0,staircaseramp1_2,13473680000.0,1.493153e-11,13605850.0,0.5431125641499678,-73.1551797230922,0.4278014693905478,-45.6090585605636,0.082003815662083,True,-92.20271031159427,-92.21180983740864,-86.57297381464576,True,True,True,True,10601124.96180502,232.57688907521413,98.8609701317715,149.50101269899113,-895.3967230791133,True,True,True,2.136962689558601,49.77831071664696,35.486542186213406
102,102,P23,0,staircaseramp1_2,923260600.0,2.111125e-11,7577122.0,1.9226733336901751,-37.145761064118894,1.0237010548931949,-32.97329139455088,0.0299270115955161,True,-93.8301026174461,-93.56213486130856,-84.95705408103646,True,True,True,True,11333736.205719445,571.8895754718927,126.7543481743683,155.1563191911255,-1142.6974700601145,True,True,True,0.9488268528058228,72.72821568511297,52.65968892992979
53,53,A03,1,staircaseramp1_2,2370252000.0,1.549668e-11,14658470.0,1.003906784107606,-50.44391131252602,0.63325056494211,-8.35982927025947,0.0390253326757748,True,-86.98800582291979,-86.60847454282448,-86.78936448947643,True,True,True,True,10509043.280135067,550.4521873798012,101.18062180974884,151.6599318592011,-1104.2562689779716,True,True,True,4.098624786642645,55.94760657056378,44.79202895966075
55,55,B01,1,staircaseramp1_2,14397590000.0,2.120728e-11,11842150.0,1.2809870012657818,-81.73936228234811,0.342924493787862,-33.96321005690203,0.0130430842729965,True,-91.625689580526,-91.31889984021235,-85.79938230553125,True,True,True,True,41205494.65714596,197.4985788017294,113.37761019107086,197.498577493676,-1631.5596491342408,True,True,True,1.546824642663026,82.99287877839957,30.51692087834549
57,57,B03,1,staircaseramp1_2,5049255000.0,1.409942e-11,14353470.0,0.6570327921975595,-58.07469782550491,0.5489090911525399,-38.94300260405284,0.051858650881077,True,-93.79434720795604,-93.4092929470196,-75.89620255904163,True,True,True,True,8251402.242244945,363.3405791791541,79.18552575335319,116.33081934181644,-754.7281782078877,True,True,True,1.6893850059682762,47.87331546564608,39.063471565381526
59,59,B14,1,staircaseramp1_2,683182800.0,1.263991e-11,15708320.0,2.722803535546036,-39.66830606086684,2.6622638478579805,-32.01620422808652,0.2051578848696871,True,-94.19063174279358,-90.5235199773094,-90.62427291025988,True,True,True,True,3958486.397635805,132.88719077388626,28.019937720603977,127.6999812489962,-520.324695308181,True,False,True,4.395328892104303,87.21288159519142,84.84653618963901
61,61,D04,1,staircaseramp1_2,366590800.0,1.531953e-11,16683890.0,4.063452649782552,-25.86301868930205,3.901847935265364,-24.126507054393446,0.2004913771683042,True,-95.20732523650466,-93.64789018230236,-86.43336184858748,True,True,True,True,6503156.885448842,5000.0,162.1407373636706,193.7702257352864,-647.2377109541795,True,False,True,1.3671048980242233,105.0755279763305,103.29373195275907
63,63,D20,1,staircaseramp1_2,400250700.0,1.454979e-11,15618340.0,3.955455475095184,-32.488963475115035,3.008079788765402,-24.716389491836384,0.1529506251606021,True,-94.5526916491214,-91.9863954265854,,True,True,True,True,9363332.952884272,581.358498409535,125.59441853898046,155.07535609928067,-789.81605722274,True,False,True,0.725681200908582,103.46126612822896,90.58581903045747
65,65,D22,1,staircaseramp1_2,4359132000.0,1.499963e-11,15998360.0,1.25606166324011,-68.30044506610724,0.8548951346570979,-51.71592291889996,0.0329427551713709,True,-91.3401796951877,-91.01148471682922,-79.02437774247592,True,True,True,True,22416589.949472915,5000.0,151.37987183019632,172.22617597759694,-1141.2490425630624,True,True,True,2.471111223805565,72.34579190196045,52.07081168530344
67,67,E08,1,staircaseramp1_2,992350600.0,1.756149e-11,9591612.0,2.644098637849905,-51.68965297139111,2.7818961877490813,-38.97696636741326,0.1114174545531675,True,-94.54935208141056,-93.09407782075084,,True,True,True,True,11428458.34975444,142.2134589459407,44.23072865445568,121.80252104676296,-994.1495519142936,True,True,True,2.117651269489329,91.55849961179604,87.95056216372922
69,69,E12,1,staircaseramp1_2,473783000.0,2.046767e-11,20214760.0,3.4989721916847936,-34.64479861146651,2.9015730027954327,-26.200866189159303,0.1059381339535391,True,-95.54281301398804,-93.20979173149708,-91.18095134476448,True,True,True,True,8535085.071458234,5000.0,144.62681052054754,176.6200306357384,-705.355082862043,True,False,True,0.2961140008859075,97.58438544638024,88.74754488277875
71,71,F11,1,staircaseramp1_2,242968000.0,1.159394e-11,11248740.0,5.473227147416727,-21.365475632403005,5.128114523991415,-22.381746618894795,0.2188662925706754,True,-95.69085950809756,-92.0608151882633,,True,True,True,True,7656333.830503788,227.85439377051352,84.37686549038827,133.5006329146035,-743.4151997698837,True,True,True,1.2139499315516105,123.23055549864773,118.92658920870153
73,73,G03,1,staircaseramp1_2,168782000.0,2.692698e-11,18695750.0,8.3465298236332,-24.80994451563176,7.300691984781184,-23.21999342055972,0.3280915169601356,True,-92.49179535839592,-86.34141415105512,,True,True,True,True,9875978.74271712,96.59640070806954,1e-12,96.59640288327792,-685.1918976484072,True,False,True,4.686539716775897,150.86569620962803,141.58908905593714
75,75,I22,1,staircaseramp1_2,3189339000.0,4.508497e-11,12190800.0,0.6043095664745106,-30.184630573562877,0.5801767400172919,-47.39989400032385,0.1810122517176546,True,-95.06481310794004,-94.7531881170524,-89.48035494123087,True,True,True,True,9018077.525889076,192.61931518247152,55.0299634716323,80.75546550753059,-722.9004810636981,True,True,True,1.555895992706667,40.39376721050948,41.73882326697079
77,77,J04,1,staircaseramp1_2,6477065000.0,1.769778e-11,11107250.0,0.7823707759791277,-66.88143139738325,0.8028934067316346,-65.65960896841565,0.1135512370847514,True,-94.00591752286996,-93.59755021816524,-81.90837754009442,True,True,True,True,8237789.175624414,382.8723384699257,67.05510726343756,139.589175975316,-821.225481967757,True,True,True,2.023900619510627,56.36145052530268,56.46926284194725
79,79,J22,1,staircaseramp1_2,4037786000.0,4.28759e-11,14855300.0,0.7457260088470475,-53.55161690755802,0.969441599860764,-27.57464271088152,0.0142293804701414,True,-93.61718052661668,-93.63604505047331,-82.40315391557046,True,True,True,True,30579288.91188801,5000.0,127.76203826934392,152.94503939489812,-1202.1869155368522,True,False,True,1.690094724904938,49.265591708881146,51.21713504438755
81,81,K04,1,staircaseramp1_2,1815258000.0,1.106981e-11,13099710.0,1.1506604098446371,-45.17735374848841,0.9522320327647888,-35.95239348138355,0.1344018346493765,True,-89.95570749940664,-87.9076347228832,-90.81315632369396,True,True,True,True,3019308.3934460017,210.2397876583111,69.06211133404604,90.1411384964979,-517.8250567078233,True,False,True,2.00758931045253,58.06754782303916,51.03689851804028
83,83,K15,1,staircaseramp1_2,2995931000.0,1.731257e-11,13940710.0,0.9772297156020632,-52.18384642975702,0.9320406722976432,-43.17496470521858,0.0586193816761145,True,-93.46160726199008,-92.3703021037944,-70.39992260191511,True,True,True,True,11526722.487876743,191.7713046680587,90.00554810566348,103.7007156622944,-772.1150134536198,True,False,True,2.019269702779823,55.85192470192906,51.75222846229441
85,85,K21,1,staircaseramp1_2,258736700.0,2.157138e-11,19052750.0,6.433163829860051,-33.63614121650312,4.336634144791428,-20.45281749218142,0.0999778829608164,True,-90.55797873193644,-85.29270716320679,-116.3117273572228,True,True,True,True,37789592.04757614,360.6298658151913,360.6196954455883,360.6204922468779,-1176.262131278661,True,False,True,3.806122466210255,132.11585281038865,110.01904711860632
87,87,L14,1,staircaseramp1_2,831269600.0,1.27914e-11,13066220.0,1.7806132031382595,-31.430227425550992,1.4219220373276478,-24.84740595943574,0.1105786564638914,True,-93.16614637323843,-90.5400023007205,-87.81679787825485,True,True,True,True,6734321.640362892,334.243136829902,70.3374713986878,123.09210411649262,-731.6501092126024,True,True,True,2.0859529326942408,69.36352054705226,62.26508194308688
89,89,L19,1,staircaseramp1_2,5636640000.0,9.773322e-12,9239313.0,0.5072011510661404,-55.789351405924194,0.4671478095680572,-39.77642926263122,0.0932904464364404,True,-93.97870501968772,-92.45116865388768,-91.77819496294924,True,True,True,True,3639704.118564725,244.6024448651008,53.69277117613408,92.08538308342558,-509.7460725497678,True,True,True,1.839870841340698,41.31316798627018,36.137908144262994
91,91,M22,1,staircaseramp1_2,406383600.0,1.628215e-11,12294460.0,3.776261419302134,-29.341316436529915,2.579480718439879,-14.128212889061448,0.1688482810349891,True,-91.77959504802422,-90.20723306254683,-89.94930051071954,True,True,True,True,9713434.586576672,312.2843958905873,79.21858045092006,139.55665492694015,-954.7477580013026,True,False,True,2.019447771251336,100.9828907099569,87.26055398066117
93,93,M23,1,staircaseramp1_2,2397315000.0,3.34346e-11,12741770.0,1.875994192653599,-65.24035166533673,1.4912275103127146,-47.44161712762248,0.0596754403081146,True,-92.3443983656606,-92.35232104565787,-90.22731481289584,True,True,True,True,15913169.236610243,711.4851098569458,132.7529222988357,158.8158788480289,-1183.4338931697914,True,True,True,3.369986577158869,85.99388619730554,66.93250787715941
95,95,N05,1,staircaseramp1_2,8288086000.0,2.049937e-11,10945760.0,1.5588204859148478,-80.35002384373652,0.8346262018852076,-53.36058198728056,0.0372379525596912,True,-91.99629905478912,-91.53854994297843,-71.34710141224971,True,True,True,True,18080623.630076505,5000.0,130.2736414554272,158.07525174440335,-1249.498735008511,True,True,True,2.1527559144682726,90.33614969713292,52.047673122700466
97,97,N22,1,staircaseramp1_2,234881900.0,1.491221e-11,16331760.0,5.579926745295119,-22.595848458983387,2.8320653709978862,-23.14741519758689,0.2695687913281297,True,-92.45942182742613,-85.86843161235366,-113.07338628795516,True,True,True,True,7156749.713195751,309.0884501914452,64.86120640886762,113.64791501617228,-640.4435015393838,True,False,True,1.5088625359572632,123.9826679153308,88.20183896325175
99,99,P02,1,staircaseramp1_2,1317771000.0,9.286801e-12,6375615.0,0.9220885203964864,-15.26454876463226,1.481937456214447,-33.79915508570552,0.0738717597760697,True,-91.5312222534818,-90.46566299810394,-90.46452992061408,True,True,True,True,6049596.901166623,993.2589158087196,50.64115960049888,120.85746800565512,-683.6906340420231,True,False,True,3.0244735117433947,51.8638152677124,63.4241341578078
101,101,P04,1,staircaseramp1_2,17257390000.0,1.477942e-11,14917340.0,0.6563478274552942,-73.64789559625571,0.4605301488779481,-53.98319855879156,0.0920468659683298,True,-92.70362162545398,-92.41272345690004,-87.32193496711297,True,True,True,True,10315792.121027648,5000.0,128.92467874280382,161.67986003835472,-855.6788680495561,True,True,True,2.136962689558601,54.977930480644225,38.83716640482254
103,103,P23,1,staircaseramp1_2,1045034000.0,2.102284e-11,7645672.0,2.036933105790564,-41.93260887861787,1.065376186439897,-32.060496251989846,0.0280091378408013,True,-93.90048358459902,-93.74712137454078,-86.44186130978336,True,True,True,True,10690943.071268542,393.67149682330455,116.14056499877827,157.53679084036216,-1117.4373051748144,True,True,True,0.9488268528058228,76.09042314759836,53.675310080692405
